{"cameraMode":{"drawMode":0,"name":"Shaded","section":"Shading Mode"},"sceneLighting":true,"audioPlay":false,"sceneViewState":{"m_AlwaysRefresh":false,"showFog":true,"showSkybox":true,"showFlares":true,"showImageEffects":true,"showParticleSystems":true,"showVisualEffectGraphs":true,"m_FxEnabled":true},"in2DMode":false,"pivot":{"x":0.2281418740749359,"y":1.7390947341918946,"z":-2.2862637042999269},"rotation":{"x":0.006658956408500671,"y":-0.9918920993804932,"z":0.11267320811748505,"w":0.058681245893239978},"size":1.5548124313354493,"orthographic":false}